Order ID,Product ID,Sales,Quantity,Discount,Profit
CA-2016-152156,FUR-BO-10001798,261.96,2,0.0,41.9136
CA-2016-152156,FUR-CH-10000454,731.94,3,0.0,219.582
CA-2016-138688,OFF-LA-10000240,14.62,2,0.0,6.8714
US-2015-108966,FUR-TA-10000577,957.5775,5,0.45,-383.031
US-2015-108966,OFF-ST-10000760,22.368,2,0.2,2.5164
CA-2014-115812,FUR-FU-10001487,48.86,7,0.0,14.1694
CA-2014-115812,OFF-AR-10002833,7.28,4,0.0,1.9656
CA-2014-115812,TEC-PH-10002275,907.152,6,0.2,90.7152
CA-2014-115812,OFF-BI-10003910,18.504,3,0.2,5.7825
CA-2014-115812,OFF-AP-10002892,114.9,5,0.0,34.47
CA-2014-115812,FUR-TA-10001539,1706.184,9,0.2,85.3092
CA-2014-115812,TEC-PH-10002033,911.424,4,0.2,68.3568
CA-2017-114412,OFF-PA-10002365,15.552,3,0.2,5.4432
CA-2016-161389,OFF-BI-10003656,407.976,3,0.2,132.5922
US-2015-118983,OFF-AP-10002311,68.81,5,0.8,-123.858
US-2015-118983,OFF-BI-10000756,2.544,3,0.8,-3.816
CA-2014-105893,OFF-ST-10004186,665.88,6,0.0,13.3176
CA-2014-167164,OFF-ST-10000107,55.5,2,0.0,9.99
CA-2014-143336,OFF-AR-10003056,8.56,2,0.0,2.4824
CA-2014-143336,TEC-PH-10001949,213.48,3,0.2,16.011
CA-2014-143336,OFF-BI-10002215,22.72,4,0.2,7.384
CA-2016-137330,OFF-AR-10000246,19.46,7,0.0,5.0596
CA-2016-137330,OFF-AP-10001492,60.34,7,0.0,15.6884
US-2017-156909,FUR-CH-10002774,71.372,2,0.3,-1.0196
CA-2015-106320,FUR-TA-10000577,1044.63,3,0.0,240.2649
CA-2016-121755,OFF-BI-10001634,11.648,2,0.2,4.2224
CA-2016-121755,TEC-AC-10003027,90.57,3,0.0,11.7741
US-2015-150630,FUR-BO-10004834,3083.43,7,0.5,-1665.0522
US-2015-150630,OFF-BI-10000474,9.618,2,0.7,-7.0532
US-2015-150630,FUR-FU-10004848,124.2,3,0.2,15.525
US-2015-150630,OFF-EN-10001509,3.264,2,0.2,1.1016
US-2015-150630,OFF-AR-10004042,86.304,6,0.2,9.7092
US-2015-150630,OFF-BI-10001525,6.858,6,0.7,-5.715
US-2015-150630,OFF-AR-10001683,15.76,2,0.2,3.546
CA-2017-107727,OFF-PA-10000249,29.472,3,0.2,9.9468
CA-2016-117590,TEC-PH-10004977,1097.544,7,0.2,123.4737
CA-2016-117590,FUR-FU-10003664,190.92,5,0.6,-147.963
CA-2015-117415,OFF-EN-10002986,113.328,9,0.2,35.415
CA-2015-117415,FUR-BO-10002545,532.3992,3,0.32,-46.9764
CA-2015-117415,FUR-CH-10004218,212.058,3,0.3,-15.147
CA-2015-117415,TEC-PH-10000486,371.168,4,0.2,41.7564
CA-2017-120999,TEC-PH-10004093,147.168,4,0.2,16.5564
CA-2016-101343,OFF-ST-10003479,77.88,2,0.0,3.894
CA-2017-139619,OFF-ST-10003282,95.616,2,0.2,9.5616
CA-2016-118255,TEC-AC-10000171,45.98,2,0.0,19.7714
CA-2016-118255,OFF-BI-10003291,17.46,2,0.0,8.2062
CA-2014-146703,OFF-ST-10001713,211.96,4,0.0,8.4784
CA-2016-169194,TEC-AC-10002167,45.0,3,0.0,4.95
CA-2016-169194,TEC-PH-10003988,21.8,2,0.0,6.104
CA-2015-115742,OFF-BI-10004410,38.22,6,0.0,17.9634
CA-2015-115742,OFF-LA-10002762,75.18,6,0.0,35.3346
CA-2015-115742,FUR-FU-10001706,6.16,2,0.0,2.9568
CA-2015-115742,FUR-CH-10003061,89.99,1,0.0,17.0981
CA-2016-105816,OFF-FA-10000304,15.26,7,0.0,6.2566
CA-2016-105816,TEC-PH-10002447,1029.95,5,0.0,298.6855
CA-2016-111682,OFF-ST-10000604,208.56,6,0.0,52.14
CA-2016-111682,OFF-PA-10001569,32.4,5,0.0,15.552
CA-2016-111682,FUR-CH-10003968,319.41,5,0.1,7.098
CA-2016-111682,OFF-PA-10000587,14.56,2,0.0,6.9888
CA-2016-111682,TEC-AC-10002167,30.0,2,0.0,3.3
CA-2016-111682,OFF-BI-10001460,48.48,4,0.2,16.362
CA-2016-111682,OFF-AR-10001868,1.68,1,0.0,0.84
CA-2015-135545,TEC-AC-10004633,13.98,2,0.0,6.1512
CA-2015-135545,OFF-BI-10001078,25.824,6,0.2,9.3612
CA-2015-135545,OFF-PA-10003892,146.73,3,0.0,68.9631
CA-2015-135545,FUR-FU-10000397,79.76,4,0.0,22.3328
US-2015-164175,FUR-CH-10001146,213.115,5,0.3,-15.2225
CA-2014-106376,OFF-AR-10002671,1113.024,8,0.2,111.3024
CA-2014-106376,TEC-PH-10002726,167.968,4,0.2,62.988
CA-2016-119823,OFF-PA-10000482,75.88,2,0.0,35.6636
CA-2016-106075,OFF-BI-10004654,4.616,1,0.2,1.731
CA-2017-114440,OFF-PA-10004675,19.05,3,0.0,8.763
US-2015-134026,FUR-CH-10000513,831.936,8,0.2,-114.3912
US-2015-134026,FUR-FU-10003708,97.04,2,0.2,1.213
US-2015-134026,OFF-ST-10004123,72.784,1,0.2,-18.196
US-2017-118038,OFF-BI-10004182,1.248,3,0.8,-1.9344
US-2017-118038,FUR-FU-10000260,9.708,3,0.6,-5.8248
US-2017-118038,OFF-ST-10000615,27.24,3,0.2,2.724
US-2014-147606,FUR-FU-10003194,19.3,5,0.6,-14.475
CA-2016-127208,OFF-AP-10002118,208.16,1,0.0,56.2032
CA-2016-127208,OFF-BI-10002309,16.74,3,0.0,8.0352
CA-2014-139451,OFF-AR-10002053,14.9,5,0.0,4.172
CA-2014-139451,OFF-ST-10002370,21.39,1,0.0,6.2031
CA-2015-149734,OFF-EN-10000927,200.984,7,0.2,62.8075
US-2017-119662,OFF-ST-10003656,230.376,3,0.2,-48.9549
CA-2017-140088,FUR-CH-10000863,301.96,2,0.0,33.2156
CA-2017-155558,TEC-AC-10001998,19.99,1,0.0,6.7966
CA-2017-155558,OFF-LA-10000134,6.16,2,0.0,2.9568
CA-2016-159695,OFF-ST-10003442,158.368,7,0.2,13.8572
CA-2016-109806,OFF-AR-10004930,20.1,3,0.0,6.633
CA-2016-109806,TEC-PH-10004093,73.584,2,0.2,8.2782
CA-2016-109806,OFF-PA-10000304,6.48,1,0.0,3.1104
CA-2015-149587,OFF-PA-10003177,12.96,2,0.0,6.2208
CA-2015-149587,FUR-FU-10003799,53.34,3,0.0,16.5354
CA-2015-149587,OFF-BI-10002852,32.96,2,0.0,16.1504
US-2017-109484,OFF-BI-10004738,5.682,1,0.7,-3.788
CA-2017-161018,FUR-FU-10000629,96.53,7,0.0,40.5426
CA-2017-157833,OFF-BI-10001721,51.312,3,0.2,17.9592
CA-2016-149223,OFF-AP-10000358,77.88,6,0.0,22.5852
CA-2016-158568,OFF-PA-10003256,64.624,7,0.2,22.6184
CA-2016-158568,TEC-AC-10001767,95.976,3,0.2,-10.7973
CA-2016-158568,OFF-BI-10002609,1.788,3,0.8,-3.0396
CA-2016-129903,OFF-PA-10004040,23.92,4,0.0,11.7208
US-2015-156867,TEC-AC-10001552,238.896,6,0.2,-26.8758
US-2015-156867,FUR-FU-10004006,102.36,3,0.2,-3.8385
US-2015-156867,OFF-BI-10002794,36.882,3,0.7,-25.8174
CA-2017-119004,TEC-AC-10003499,74.112,8,0.2,17.6016
CA-2017-119004,TEC-PH-10002844,27.992,1,0.2,2.0994
CA-2017-119004,OFF-AR-10000390,3.304,1,0.2,1.0738
CA-2015-129476,TEC-AC-10000844,339.96,5,0.2,67.992
CA-2017-146780,FUR-FU-10001934,41.96,2,0.0,10.9096
CA-2016-128867,OFF-AR-10000380,75.96,2,0.0,22.788
CA-2016-128867,OFF-BI-10003981,27.24,6,0.0,13.3476
CA-2014-115259,OFF-FA-10000621,40.096,14,0.2,14.5348
CA-2014-115259,OFF-EN-10002600,4.72,2,0.2,1.652
CA-2014-115259,OFF-PA-10004965,23.976,3,0.2,7.4925
CA-2014-115259,OFF-EN-10002504,130.464,6,0.2,44.0316
CA-2015-110457,FUR-TA-10001768,787.53,3,0.0,165.3813
US-2015-136476,OFF-BI-10003650,157.794,1,0.7,-115.7156
CA-2016-103730,FUR-FU-10002157,47.04,3,0.0,18.3456
CA-2016-103730,OFF-BI-10003910,30.84,4,0.0,13.878
CA-2016-103730,OFF-ST-10000777,226.56,6,0.0,63.4368
CA-2016-103730,OFF-EN-10002500,115.02,9,0.0,51.759
CA-2016-103730,TEC-PH-10003875,68.04,7,0.0,19.7316
US-2014-152030,FUR-CH-10004063,600.558,3,0.3,-8.5794
US-2014-134614,FUR-TA-10004534,617.7,6,0.5,-407.682
US-2017-107272,OFF-BI-10003274,2.388,2,0.7,-1.8308
US-2017-107272,OFF-ST-10002974,243.992,7,0.2,30.499
US-2016-125969,FUR-CH-10001146,81.424,2,0.2,-9.1602
US-2016-125969,FUR-FU-10003773,238.56,3,0.0,26.2416
US-2017-164147,TEC-PH-10002293,59.97,5,0.4,-11.994
US-2017-164147,OFF-PA-10002377,78.304,2,0.2,29.364
US-2017-164147,OFF-FA-10002780,21.456,9,0.2,6.9732
CA-2016-145583,OFF-PA-10001804,20.04,3,0.0,9.6192
CA-2016-145583,OFF-PA-10001736,35.44,1,0.0,16.6568
CA-2016-145583,OFF-AR-10001149,11.52,4,0.0,3.456
CA-2016-145583,OFF-FA-10002988,4.02,2,0.0,1.9698
CA-2016-145583,OFF-BI-10004781,76.176,3,0.2,26.6616
CA-2016-145583,OFF-SU-10001218,65.88,6,0.0,18.4464
CA-2016-145583,FUR-FU-10001706,43.12,14,0.0,20.6976
CA-2016-110366,FUR-FU-10004848,82.8,2,0.2,10.35
CA-2017-106180,OFF-AR-10000940,8.82,3,0.0,2.3814
CA-2017-106180,OFF-EN-10004030,10.86,3,0.0,5.1042
CA-2017-106180,OFF-PA-10004327,143.7,3,0.0,68.976
CA-2017-155376,OFF-AP-10001058,839.43,3,0.0,218.2518
CA-2015-110744,OFF-ST-10003656,671.93,7,0.0,20.1579
CA-2014-110072,FUR-FU-10000521,93.888,4,0.2,12.9096
CA-2016-114489,TEC-PH-10000215,384.45,11,0.0,103.8015
CA-2016-114489,TEC-PH-10001448,149.97,3,0.0,5.9988
CA-2016-114489,FUR-CH-10000454,1951.84,8,0.0,585.552
CA-2016-114489,OFF-BI-10002735,171.55,5,0.0,80.6285
CA-2016-158834,OFF-AP-10000326,157.92,5,0.2,17.766
CA-2016-158834,TEC-PH-10001254,203.184,2,0.2,15.2388
CA-2015-124919,OFF-PA-10001950,58.38,7,0.0,26.271
CA-2015-124919,OFF-PA-10002254,105.52,4,0.0,48.5392
CA-2015-124919,OFF-ST-10001590,80.88,6,0.0,21.0288
CA-2015-118948,OFF-AR-10001547,6.63,3,0.0,1.7901
CA-2014-104269,FUR-CH-10004063,457.568,2,0.2,51.4764
CA-2016-114104,OFF-LA-10002475,14.62,2,0.0,6.8714
CA-2016-114104,TEC-PH-10004536,944.93,7,0.0,236.2325
CA-2016-162733,OFF-PA-10002751,5.98,1,0.0,2.691
CA-2015-119697,TEC-AC-10003657,54.384,2,0.2,1.3596
CA-2016-154508,OFF-EN-10001990,28.4,5,0.0,13.348
CA-2016-113817,OFF-BI-10004002,27.68,2,0.2,9.688
CA-2014-139892,OFF-AR-10004441,9.936,3,0.2,2.7324
CA-2014-139892,TEC-MA-10000822,8159.952,8,0.4,-1359.992
CA-2014-139892,OFF-ST-10000991,275.928,3,0.2,-58.6347
CA-2014-139892,FUR-CH-10004287,1740.06,9,0.3,-24.858
CA-2014-139892,OFF-AR-10002656,32.064,6,0.2,6.8136
CA-2014-139892,OFF-AP-10002518,177.98,5,0.8,-453.849
CA-2014-139892,TEC-PH-10003931,143.976,3,0.2,8.9985
CA-2014-118962,OFF-PA-10000659,20.94,3,0.0,9.8418
CA-2014-118962,OFF-PA-10001144,110.96,2,0.0,53.2608
CA-2014-118962,FUR-CH-10003817,340.144,7,0.2,21.259
US-2014-100853,OFF-AP-10000891,52.448,2,0.8,-131.12
US-2014-100853,OFF-LA-10003148,20.16,4,0.2,6.552
US-2017-152366,OFF-AP-10002684,97.264,4,0.8,-243.16
US-2015-101511,FUR-CH-10004698,396.802,7,0.3,-11.3372
US-2015-101511,OFF-SU-10002189,15.88,5,0.2,-3.7715
CA-2015-137225,OFF-AR-10001940,3.28,1,0.0,1.4104
CA-2014-166191,OFF-ST-10003455,24.816,2,0.2,1.8612
CA-2014-166191,TEC-AC-10004659,408.744,7,0.2,76.6395
CA-2014-158274,TEC-PH-10003273,503.96,4,0.0,131.0296
CA-2014-158274,TEC-PH-10004896,149.95,5,0.0,41.986
CA-2014-158274,TEC-AC-10002345,29.0,2,0.0,7.25
CA-2016-105018,OFF-BI-10001890,7.16,2,0.0,3.4368
CA-2014-123260,TEC-AC-10002323,176.8,8,0.0,22.984
CA-2016-157000,OFF-ST-10001328,37.224,3,0.2,3.7224
CA-2016-157000,OFF-PA-10001950,20.016,3,0.2,6.255
CA-2015-102281,FUR-BO-10002613,899.136,4,0.2,112.392
CA-2015-102281,TEC-PH-10001552,71.76,6,0.0,20.0928
CA-2015-102281,OFF-PA-10000061,51.84,8,0.0,24.8832
CA-2015-102281,FUR-BO-10002545,626.352,3,0.2,46.9764
CA-2015-102281,OFF-AR-10003514,19.9,5,0.0,6.567
CA-2015-131457,OFF-EN-10001509,14.28,7,0.0,6.7116
CA-2014-140004,OFF-AR-10004685,7.408,2,0.2,1.2038
CA-2014-140004,OFF-AR-10004027,6.048,3,0.2,1.5876
CA-2017-107720,OFF-ST-10001414,46.26,3,0.0,12.0276
US-2017-124303,OFF-BI-10000343,2.946,2,0.7,-2.2586
US-2017-124303,OFF-PA-10002749,16.056,3,0.2,5.8203
CA-2017-105074,OFF-PA-10002666,21.744,3,0.2,6.795
CA-2014-133690,FUR-TA-10004289,218.75,2,0.5,-161.875
CA-2014-133690,OFF-AP-10003622,2.6,1,0.2,0.2925
US-2017-116701,OFF-AP-10003217,66.284,2,0.8,-178.9668
CA-2017-126382,FUR-FU-10002960,35.168,7,0.2,9.6712
CA-2017-108329,TEC-PH-10001918,444.768,4,0.2,44.4768
CA-2017-135860,OFF-ST-10000642,83.92,4,0.0,5.8744
CA-2017-135860,TEC-PH-10001700,131.98,2,0.0,35.6346
CA-2017-135860,OFF-BI-10003274,15.92,4,0.0,7.4824
CA-2017-135860,OFF-FA-10000134,52.29,9,0.0,16.2099
CA-2017-135860,OFF-ST-10001522,91.99,1,0.0,3.6796
CA-2015-101007,TEC-AC-10001266,20.8,2,0.2,6.5
CA-2015-146262,OFF-LA-10004544,23.68,2,0.2,8.88
CA-2015-146262,FUR-BO-10004695,452.45,5,0.5,-244.323
CA-2015-146262,TEC-PH-10002844,62.982,3,0.4,-14.6958
CA-2015-146262,TEC-MA-10000864,1188.0,9,0.7,-950.4
CA-2015-146262,TEC-AC-10000109,89.584,2,0.2,4.4792
CA-2016-130162,OFF-ST-10001328,93.06,6,0.0,26.0568
CA-2016-130162,TEC-PH-10002563,302.376,3,0.2,22.6782
CA-2015-169397,OFF-FA-10000585,5.584,2,0.2,1.8148
CA-2015-169397,OFF-PA-10004000,22.704,6,0.2,8.2302
CA-2015-169397,OFF-BI-10002852,19.776,4,0.7,-13.8432
CA-2015-169397,FUR-FU-10000087,72.704,4,0.2,19.0848
CA-2015-169397,TEC-MA-10001148,479.988,4,0.7,-383.9904
CA-2015-169397,OFF-AR-10001958,27.168,2,0.2,2.7168
CA-2015-163055,OFF-AR-10001026,2.2,1,0.0,0.968
CA-2015-163055,FUR-TA-10003748,622.45,5,0.0,136.939
CA-2015-163055,OFF-ST-10002485,21.98,1,0.0,0.2198
US-2015-145436,FUR-CH-10004860,161.568,2,0.2,-28.2744
US-2015-145436,FUR-CH-10004477,389.696,8,0.2,43.8408
US-2014-156216,OFF-BI-10001679,18.648,7,0.7,-12.432
US-2017-100930,FUR-TA-10001705,233.86,2,0.45,-102.048
US-2017-100930,FUR-TA-10003473,620.6145,3,0.45,-248.2458
US-2017-100930,OFF-BI-10001679,5.328,2,0.7,-3.552
US-2017-100930,FUR-FU-10004017,258.072,3,0.2,0.0
US-2017-100930,TEC-AC-10003832,617.976,3,0.2,-7.7247
CA-2017-160514,OFF-PA-10002479,10.56,2,0.0,4.752
CA-2016-157749,OFF-PA-10003349,25.92,5,0.2,9.396
CA-2016-157749,FUR-FU-10000576,419.68,5,0.6,-356.728
CA-2016-157749,FUR-FU-10004351,11.688,3,0.6,-4.6752
CA-2016-157749,TEC-PH-10000011,31.984,2,0.2,11.1944
CA-2016-157749,FUR-TA-10002607,177.225,5,0.5,-120.513
CA-2016-157749,FUR-FU-10002505,4.044,3,0.6,-2.8308
CA-2016-157749,OFF-AR-10004685,7.408,2,0.2,1.2038
CA-2014-131926,FUR-CH-10004063,2001.86,7,0.0,580.5394
CA-2014-131926,OFF-ST-10002276,166.72,2,0.0,41.68
CA-2014-131926,OFF-PA-10004082,47.88,6,0.0,23.94
CA-2014-131926,OFF-AP-10002945,1503.25,5,0.0,496.0725
CA-2014-131926,OFF-PA-10000061,25.92,4,0.0,12.4416
CA-2016-154739,FUR-CH-10002965,321.568,2,0.2,28.1372
CA-2016-145625,OFF-PA-10004569,7.61,1,0.0,3.5767
CA-2016-145625,TEC-AC-10003832,3347.37,13,0.0,636.0003
CA-2016-146941,OFF-ST-10001228,80.58,6,0.0,22.5624
CA-2016-146941,OFF-EN-10003296,361.92,4,0.0,162.864
US-2015-159982,FUR-FU-10002505,12.132,9,0.6,-8.4924
US-2015-159982,OFF-ST-10004804,82.368,2,0.2,-19.5624
US-2015-159982,OFF-ST-10001590,53.92,5,0.2,4.044
US-2015-159982,TEC-PH-10001580,647.904,6,0.2,56.6916
CA-2017-163139,TEC-AC-10000290,20.37,3,0.0,6.9258
CA-2017-163139,OFF-ST-10002790,221.55,3,0.0,6.6465
CA-2017-163139,OFF-BI-10003460,17.52,5,0.2,6.132
US-2017-155299,OFF-AP-10002203,1.624,2,0.8,-4.466
US-2014-106992,TEC-MA-10000822,3059.982,3,0.4,-509.997
US-2014-106992,TEC-MA-10003353,2519.958,7,0.4,-251.9958
CA-2016-125318,TEC-PH-10001433,328.224,4,0.2,28.7196
CA-2015-155040,TEC-AC-10004469,79.9,2,0.0,35.156
CA-2017-136826,OFF-AR-10003602,14.016,3,0.2,4.7304
CA-2016-111010,OFF-FA-10003472,7.56,6,0.0,0.3024
US-2017-145366,OFF-ST-10004180,37.208,1,0.2,-7.4416
US-2017-145366,OFF-EN-10004386,57.576,3,0.2,21.591
CA-2017-163979,OFF-ST-10003208,725.84,4,0.0,210.4936
CA-2015-155334,TEC-AC-10003628,209.93,7,0.0,92.3692
CA-2015-155334,FUR-FU-10003274,5.28,3,0.0,2.3232
CA-2015-155334,OFF-BI-10002557,10.92,3,0.2,4.095
CA-2017-118136,OFF-PA-10002615,8.82,2,0.0,4.0572
CA-2017-118136,OFF-AR-10001427,5.98,1,0.0,1.5548
CA-2017-132976,OFF-PA-10000673,11.648,2,0.2,4.0768
CA-2017-132976,OFF-PA-10004470,18.176,4,0.2,5.9072
CA-2017-132976,OFF-ST-10000876,59.712,6,0.2,5.9712
CA-2017-132976,OFF-LA-10002043,24.84,3,0.2,8.694
US-2015-161991,OFF-BI-10004967,2.08,5,0.8,-3.432
US-2015-161991,TEC-PH-10001760,1114.4,7,0.2,376.11
CA-2015-130890,FUR-TA-10002903,1038.84,5,0.2,51.942
CA-2015-130883,OFF-PA-10000474,141.76,5,0.2,47.844
CA-2015-130883,TEC-AC-10001956,239.8,5,0.2,47.96
CA-2015-130883,OFF-PA-10004100,31.104,6,0.2,10.8864
CA-2016-112697,OFF-BI-10000778,254.058,7,0.7,-169.372
CA-2016-112697,OFF-AP-10002684,194.528,2,0.2,24.316
CA-2016-112697,OFF-SU-10000646,961.48,5,0.2,-204.3145
CA-2016-110772,OFF-FA-10002983,19.096,7,0.2,6.6836
CA-2016-110772,OFF-LA-10004689,18.496,8,0.2,6.2424
CA-2016-110772,TEC-AC-10002001,255.984,2,0.2,54.3966
CA-2016-110772,FUR-BO-10004709,86.97,3,0.5,-48.7032
CA-2014-111451,FUR-FU-10004091,300.416,8,0.2,78.8592
CA-2014-111451,FUR-CH-10001891,230.352,3,0.2,20.1558
CA-2014-111451,FUR-FU-10002918,218.352,3,0.2,-24.5646
CA-2014-111451,OFF-BI-10004593,78.6,5,0.7,-62.88
CA-2014-111451,OFF-FA-10004854,27.552,3,0.2,9.2988
CA-2016-142545,OFF-PA-10002105,32.4,5,0.0,15.552
CA-2016-142545,OFF-ST-10002756,1082.48,8,0.0,10.8248
CA-2016-142545,OFF-PA-10004243,56.91,3,0.0,27.3168
CA-2016-142545,FUR-FU-10001861,77.6,4,0.0,38.024
CA-2016-142545,OFF-BI-10002706,14.28,1,0.0,6.5688
US-2017-152380,FUR-TA-10002533,219.075,3,0.5,-131.445
CA-2015-144253,FUR-FU-10002671,26.8,2,0.0,12.864
CA-2014-130960,OFF-AR-10003651,9.84,3,0.0,2.8536
CA-2014-111003,OFF-BI-10001072,45.48,3,0.0,20.9208
CA-2014-111003,OFF-AR-10002135,289.2,6,0.0,83.868
CA-2017-126774,OFF-AR-10002804,4.89,1,0.0,2.0049
CA-2016-142902,FUR-FU-10001918,15.136,4,0.2,3.5948
CA-2016-142902,FUR-CH-10004086,466.768,2,0.2,52.5114
CA-2016-142902,FUR-FU-10001756,15.232,1,0.2,1.7136
CA-2016-142902,OFF-LA-10000634,6.264,3,0.2,2.0358
CA-2014-120887,FUR-FU-10001588,87.54,3,0.0,37.6422
CA-2014-167850,TEC-PH-10002398,178.384,2,0.2,22.298
CA-2014-167850,OFF-PA-10001937,15.552,3,0.2,5.4432
CA-2014-164259,OFF-AR-10003373,99.136,4,0.2,8.6744
CA-2014-164973,FUR-CH-10002602,135.882,1,0.1,24.1568
CA-2014-164973,TEC-MA-10002927,3991.98,2,0.0,1995.99
CA-2014-164973,TEC-PH-10004093,275.94,6,0.0,80.0226
CA-2014-164973,TEC-AC-10000892,360.0,4,0.0,129.6
CA-2014-164973,OFF-ST-10002974,43.57,1,0.0,13.071
CA-2014-156601,OFF-FA-10000624,7.16,2,0.0,3.58
CA-2016-162138,OFF-BI-10004593,251.52,6,0.2,81.744
CA-2016-162138,TEC-AC-10001908,99.99,1,0.0,34.9965
CA-2017-153339,FUR-FU-10001967,15.992,1,0.2,0.9995
US-2016-141544,TEC-PH-10003645,290.898,3,0.4,-67.8762
US-2016-141544,OFF-ST-10000675,54.224,2,0.2,3.389
US-2016-141544,FUR-CH-10003312,786.744,4,0.3,-258.5016
US-2016-141544,OFF-LA-10001074,100.24,10,0.2,33.831
US-2016-141544,OFF-BI-10001524,37.764,6,0.7,-27.6936
US-2016-150147,TEC-PH-10004614,82.8,2,0.4,-20.7
US-2016-150147,OFF-BI-10001153,20.724,2,0.7,-13.816
US-2016-150147,OFF-BI-10001982,4.896,3,0.7,-3.4272
CA-2015-137946,OFF-BI-10001922,4.752,1,0.2,1.6038
CA-2015-137946,TEC-CO-10001449,959.984,2,0.2,335.9944
CA-2015-137946,OFF-BI-10004140,14.368,4,0.2,4.49
CA-2014-129924,OFF-BI-10003314,7.712,2,0.2,2.7956
CA-2014-129924,FUR-TA-10004575,698.352,3,0.2,-17.4588
CA-2015-128167,OFF-FA-10000490,4.96,4,0.0,2.3312
CA-2014-122336,OFF-AR-10000122,17.856,4,0.2,1.116
CA-2014-122336,OFF-BI-10003656,509.97,10,0.7,-407.976
CA-2014-122336,OFF-FA-10002780,30.992,13,0.2,10.0724
CA-2014-122336,TEC-PH-10000702,71.928,12,0.4,8.3916
US-2015-120712,OFF-ST-10000107,88.8,4,0.2,-2.22
CA-2017-169901,TEC-PH-10002293,47.976,3,0.2,4.7976
CA-2017-134306,OFF-AR-10004027,7.56,3,0.0,3.0996
CA-2017-134306,OFF-PA-10000249,24.56,2,0.0,11.5432
CA-2017-134306,OFF-AR-10001374,12.96,2,0.0,4.1472
CA-2016-129714,TEC-AC-10000290,6.79,1,0.0,2.3086
CA-2016-129714,OFF-PA-10001970,24.56,2,0.0,11.5432
CA-2016-129714,OFF-BI-10002160,3.048,1,0.2,1.0668
CA-2016-129714,OFF-PA-10001970,49.12,4,0.0,23.0864
CA-2016-129714,OFF-BI-10004995,4355.168,4,0.2,1415.4296
CA-2016-138520,FUR-BO-10002268,388.704,6,0.2,-4.8588
CA-2016-138520,OFF-EN-10001137,8.26,2,0.0,3.7996
CA-2016-138520,OFF-AR-10002399,17.04,4,0.0,6.9864
CA-2016-138520,OFF-PA-10002713,34.4,5,0.0,15.824
CA-2016-130001,OFF-PA-10002666,36.24,5,0.2,11.325
CA-2017-155698,OFF-AP-10001124,647.84,8,0.0,168.4384
CA-2017-155698,OFF-LA-10001158,20.7,2,0.0,9.936
CA-2017-144904,OFF-LA-10001158,20.7,2,0.0,9.936
CA-2017-144904,FUR-CH-10000785,488.646,3,0.1,86.8704
CA-2017-144904,OFF-AR-10003732,5.56,2,0.0,1.4456
CA-2017-144904,FUR-FU-10000023,47.12,8,0.0,20.7328
CA-2014-123344,OFF-ST-10001713,211.96,4,0.0,8.4784
CA-2016-155516,OFF-BI-10002412,23.2,4,0.0,10.44
CA-2016-155516,OFF-SU-10001225,7.36,2,0.0,0.1472
CA-2016-155516,OFF-ST-10002406,104.79,7,0.0,29.3412
CA-2016-155516,FUR-BO-10002545,1043.92,4,0.0,271.4192
CA-2017-104745,OFF-PA-10002036,25.92,5,0.2,9.396
CA-2017-104745,OFF-ST-10002205,53.424,3,0.2,4.6746
US-2014-119137,OFF-BI-10001982,8.16,5,0.7,-5.712
US-2014-119137,TEC-AC-10003911,1023.936,8,0.2,179.1888
US-2014-119137,OFF-AR-10000658,9.24,1,0.2,0.924
US-2014-119137,TEC-AC-10002076,479.04,10,0.2,-29.94
US-2016-134656,OFF-PA-10003039,99.136,4,0.2,30.98
US-2017-134481,FUR-TA-10004915,1488.424,7,0.3,-297.6848
CA-2015-130792,OFF-AP-10000696,8.652,3,0.8,-20.3322
CA-2015-130792,OFF-ST-10003327,23.832,3,0.2,2.6811
CA-2015-130792,OFF-BI-10000309,12.176,4,0.8,-18.8728
CA-2016-134775,OFF-PA-10004734,50.96,7,0.0,25.48
CA-2016-134775,OFF-BI-10002225,49.536,3,0.2,17.3376
CA-2015-125395,TEC-AC-10004708,41.9,2,0.0,8.799
US-2015-168935,FUR-TA-10000617,375.4575,3,0.45,-157.0095
US-2015-168935,TEC-AC-10002335,83.976,3,0.2,-1.0497
CA-2015-122756,TEC-MA-10001681,482.34,4,0.7,-337.638
CA-2015-122756,FUR-FU-10001935,2.96,1,0.2,0.777
CA-2014-115973,OFF-AR-10004757,2.624,1,0.2,0.4264
CA-2017-101798,OFF-BI-10000050,23.36,4,0.2,7.884
CA-2017-101798,TEC-AC-10001998,39.98,2,0.0,13.5932
US-2014-135972,TEC-PH-10003012,246.384,2,0.2,27.7182
US-2014-135972,TEC-CO-10002313,1799.97,3,0.0,701.9883
US-2014-134971,OFF-BI-10003982,12.462,3,0.8,-20.5623
CA-2017-102946,OFF-BI-10004492,75.792,3,0.2,25.5798
CA-2017-165603,OFF-ST-10000798,49.96,2,0.0,9.4924
CA-2017-165603,OFF-PA-10002552,12.96,2,0.0,6.2208
CA-2015-122259,OFF-SU-10002573,70.12,4,0.0,21.036
CA-2016-108987,OFF-ST-10001580,35.952,3,0.2,3.5952
CA-2016-108987,FUR-BO-10004834,2396.2656,4,0.32,-317.1528
CA-2016-108987,OFF-ST-10000934,131.136,4,0.2,-32.784
CA-2016-108987,TEC-AC-10000158,57.584,2,0.2,0.7198
CA-2014-113166,OFF-PA-10001947,9.568,2,0.2,3.4684
CA-2014-155208,OFF-AR-10003478,39.072,6,0.2,9.768
CA-2017-117933,OFF-AP-10004249,35.91,3,0.0,9.6957
CA-2017-117457,TEC-AC-10000158,179.95,5,0.0,37.7895
CA-2017-117457,TEC-CO-10004115,1199.976,3,0.2,434.9913
CA-2017-117457,OFF-PA-10003724,27.15,5,0.0,13.3035
CA-2017-117457,FUR-TA-10002041,1004.024,7,0.2,-112.9527
CA-2017-117457,OFF-PA-10002893,9.68,1,0.0,4.6464
CA-2017-117457,OFF-LA-10003766,28.35,9,0.0,13.608
CA-2017-117457,OFF-PA-10001970,55.98,1,0.0,27.4302
CA-2017-117457,FUR-BO-10001972,1336.829,13,0.15,31.4548
CA-2017-117457,FUR-CH-10003956,113.568,2,0.2,-18.4548
CA-2017-142636,OFF-PA-10000157,139.86,7,0.0,65.7342
CA-2017-142636,FUR-CH-10001891,307.136,4,0.2,26.8744
CA-2017-122105,OFF-AR-10004344,95.92,8,0.0,25.8984
CA-2016-148796,FUR-CH-10004886,383.8,5,0.2,38.38
CA-2017-154816,OFF-PA-10003845,5.78,1,0.0,2.8322
CA-2017-110478,OFF-AR-10001573,9.32,4,0.0,2.7028
CA-2017-110478,OFF-EN-10000483,15.25,1,0.0,7.015
CA-2014-142048,TEC-AC-10004114,196.752,6,0.2,56.5662
CA-2017-125388,FUR-FU-10004712,56.56,4,0.0,14.7056
CA-2017-125388,OFF-ST-10000918,32.7,3,0.0,8.502
CA-2017-155705,FUR-CH-10000015,866.4,4,0.0,225.264
CA-2017-149160,FUR-FU-10003347,28.4,2,0.0,11.076
CA-2017-149160,OFF-BI-10001543,287.92,8,0.0,138.2016
CA-2014-101476,TEC-MA-10000029,69.99,1,0.0,30.0957
CA-2017-152275,OFF-AR-10000369,6.672,6,0.2,0.5004
US-2016-123750,OFF-BI-10004584,189.588,2,0.7,-145.3508
US-2016-123750,TEC-AC-10004659,408.744,7,0.2,76.6395
US-2016-123750,TEC-AC-10004659,291.96,5,0.2,54.7425
US-2016-123750,OFF-ST-10000617,4.768,2,0.2,-0.7748
CA-2016-127369,OFF-ST-10003306,714.3,5,0.0,207.147
US-2014-150574,OFF-BI-10000773,4.812,2,0.7,-3.6892
US-2014-150574,TEC-AC-10002600,247.8,5,0.2,-18.585
CA-2016-147375,TEC-MA-10002937,1007.979,3,0.3,43.1991
CA-2016-147375,OFF-PA-10001970,313.488,7,0.2,113.6394
CA-2017-130043,OFF-PA-10002230,31.872,8,0.2,11.5536
CA-2017-157252,FUR-CH-10003396,207.846,3,0.1,2.3094
CA-2016-115756,FUR-FU-10000246,12.22,1,0.0,3.666
CA-2016-115756,OFF-ST-10000060,194.94,3,0.0,23.3928
CA-2016-115756,OFF-ST-10003058,70.95,3,0.0,20.5755
CA-2016-115756,OFF-PA-10002222,91.36,4,0.0,42.0256
CA-2016-115756,FUR-CH-10002372,242.94,3,0.0,29.1528
CA-2016-115756,OFF-LA-10001317,22.05,7,0.0,10.584
CA-2017-154214,FUR-FU-10000206,2.91,1,0.0,1.3677
CA-2016-166674,OFF-AR-10000588,59.52,3,0.0,15.4752
CA-2016-166674,OFF-ST-10001469,161.94,3,0.0,9.7164
CA-2016-166674,OFF-AR-10001953,263.88,6,0.0,71.2476
CA-2016-166674,OFF-AR-10003156,30.48,3,0.0,7.9248
CA-2016-166674,OFF-AR-10004974,9.84,3,0.0,2.8536
CA-2016-166674,TEC-PH-10002365,35.12,4,0.0,9.1312
CA-2017-147277,FUR-TA-10001539,284.364,2,0.4,-75.8304
CA-2017-147277,OFF-ST-10000142,665.408,2,0.2,66.5408
CA-2016-100153,TEC-AC-10001772,63.88,4,0.0,24.9132
US-2014-110674,FUR-CH-10000225,129.568,2,0.2,-24.294
US-2016-157945,FUR-CH-10002331,747.558,3,0.3,-96.1146
US-2016-157945,OFF-EN-10001415,8.928,2,0.2,3.348
CA-2015-109638,OFF-AP-10002472,103.92,4,0.0,36.372
CA-2015-109638,TEC-AC-10004571,899.91,9,0.0,377.9622
CA-2015-109638,OFF-BI-10001098,51.312,3,0.2,18.6006
CA-2016-109869,FUR-FU-10000023,23.56,5,0.2,7.068
CA-2016-109869,FUR-TA-10001889,1272.63,6,0.5,-814.4832
CA-2016-109869,OFF-BI-10000315,28.485,5,0.7,-20.889
CA-2016-109869,OFF-SU-10003505,185.376,2,0.2,-34.758
CA-2016-109869,OFF-AP-10002578,78.272,2,0.2,5.8704
US-2015-101399,FUR-FU-10002918,254.744,7,0.6,-312.0614
CA-2017-154907,FUR-BO-10002824,205.3328,2,0.32,-36.2352
US-2016-100419,OFF-BI-10002194,4.788,3,0.8,-7.9002
CA-2015-154144,OFF-PA-10004071,55.48,1,0.0,26.6304
CA-2014-144666,OFF-ST-10002743,340.92,3,0.0,3.4092
CA-2014-144666,FUR-BO-10001601,222.666,2,0.15,10.4784
CA-2014-144666,TEC-PH-10002680,703.968,4,0.2,87.996
CA-2014-144666,OFF-ST-10001321,92.52,6,0.0,24.9804
CA-2014-144666,OFF-PA-10001509,62.65,7,0.0,28.819
CA-2014-144666,OFF-PA-10003465,94.85,5,0.0,45.528
CA-2016-103891,TEC-PH-10000149,95.76,6,0.2,7.182
CA-2016-152632,FUR-FU-10002671,40.2,3,0.0,19.296
CA-2016-100790,OFF-AR-10003045,14.7,5,0.0,6.615
CA-2016-100790,OFF-ST-10000689,704.25,5,0.0,84.51
CA-2014-134677,TEC-AC-10001445,9.09,3,0.0,1.9089
CA-2014-127691,OFF-AR-10002053,5.96,2,0.0,1.6688
CA-2014-127691,TEC-AC-10002567,159.98,2,0.0,57.5928
CA-2017-140963,OFF-LA-10003923,29.6,2,0.0,14.8
CA-2017-140963,FUR-BO-10001337,514.165,5,0.15,-30.245
CA-2017-140963,TEC-PH-10001924,279.96,5,0.2,17.4975
CA-2014-154627,TEC-PH-10001363,2735.952,6,0.2,341.994
CA-2014-133753,TEC-PH-10000376,7.992,1,0.2,0.5994
CA-2014-133753,TEC-AC-10000303,63.984,2,0.2,10.3974
CA-2014-133753,OFF-AR-10001953,70.368,2,0.2,6.1572
CA-2014-113362,OFF-ST-10001809,449.15,5,0.0,8.983
CA-2014-113362,OFF-EN-10003845,11.07,3,0.0,5.0922
CA-2016-169166,TEC-AC-10000991,93.98,2,0.0,13.1572
US-2016-120929,FUR-TA-10001857,189.882,3,0.4,-94.941
CA-2015-134782,OFF-EN-10001434,105.42,2,0.0,51.6558
CA-2016-126158,OFF-BI-10002498,119.616,8,0.2,40.3704
CA-2016-126158,FUR-FU-10004864,255.76,4,0.0,81.8432
CA-2016-126158,FUR-CH-10002602,241.568,2,0.2,18.1176
CA-2016-126158,FUR-FU-10000073,69.3,9,0.0,22.869
